Period,10NB,10SB,11NB,11SB,12NB,12SB,13NB,13SB,14NB,14SB,15NB,15SB,16NB,16SB,17NB,17SB,18NB,18SB,1NB,1SB,2NB,2SB,3NB,3SB,4NB,4SB,5NB,5SB,6NB,6SB,7NB,7SB,8NB,8SB,9NB,9SB
AM-Early,1.0,1.0,1.0,1.0,1.0,1.0,1.0,1.0,1.0,1.0,1.0,1.0,1.0,1.0,1.0,1.0,1.0,1.0,1.0,1.0,1.0,1.0,1.0,1.0,1.0,1.0,1.0,1.0,1.0,1.0,1.0,1.0,1.0,1.0,1.0,1.0
AM-Peak,1.0054639522602427,1.0047932243896278,1.1204874485088028,1.15,1.0,1.15,1.0971332769305422,1.0150039391908277,1.1732129070358566,1.0310026474461493,1.0921463383671222,1.0484998978939923,1.0,1.0,1.1098356872294697,1.0,1.0,1.0,1.1063795944401913,1.0,1.15,1.0,1.15,1.1169354687191124,1.0005628577522334,1.0008303433527732,1.0,1.0027277677450375,1.0,1.0025960230239437,1.1316923269682981,1.0005281844478404,1.15,1.003980642461659,1.0019483208675077,1.0012041380957641
AM-Shoulder,1.0,1.0002674292907063,1.0,1.15,1.0,1.15,1.0,1.0,1.0,1.0,1.0000445292079183,1.0,1.0,1.0,1.0000282182908393,1.0,1.0,1.0848946564696023,1.0892920824126324,1.0,1.148363631236828,1.0,1.15,1.013225384281717,1.0,1.000461066248506,1.0,1.0003268736499187,1.0001399237654334,1.0001909386035426,1.0,1.0,1.0,1.0,1.0,1.0
MD,1.0,1.0,1.0,1.0,1.0,1.0,1.0,1.0,1.0,1.0,1.0,1.0,1.0,1.0,1.0,1.0,1.0,1.0,1.0,1.0,1.0,1.0,1.0,1.0,1.0,1.0,1.0,1.0,1.0,1.0,1.0,1.0,1.0,1.0,1.0,1.0
Night,1.0,1.0,1.0,1.0,1.0,1.0,1.0,1.0,1.0,1.0,1.0,1.0,1.0,1.0,1.0,1.0,1.0,1.0,1.0,1.0,1.0,1.0,1.0,1.0,1.0,1.0,1.0,1.0,1.0,1.0,1.0,1.0,1.0,1.0,1.0,1.0
PM-Late,1.0,1.0,1.0,1.0,1.0,1.0,1.0,1.0,1.0,1.0,1.0,1.0,1.0,1.0,1.0,1.0,1.0,1.0,1.0,1.0,1.0,1.0,1.0,1.0,1.0,1.0,1.0,1.0,1.0,1.0,1.0,1.0,1.0,1.0,1.0,1.0
PM-Peak,1.005748105599948,1.0083726467817171,1.077988844172054,1.0,1.15,1.0,1.1961022019620275,1.0443540107314946,1.0605333921250788,0.9629421630628906,1.001353116662323,1.0347861570735484,1.0016990072034844,1.0272357997066879,1.0,1.110518376610537,1.15,1.15,1.15,1.1473719180991826,1.0811012435629828,1.0010309901477485,1.15,1.15,1.0841247905710518,1.15,1.015236806117771,1.0490200559078042,1.0144083339541017,1.0,1.023656066504889,1.0,1.0380745064894794,1.0098958770409716,1.0485036923742626,1.0007239969442743
PM-Shoulder,1.0000546951340663,1.0,1.15,1.15,1.0399722770975617,1.0,1.0970665518160962,1.0,1.0,1,1.0001116407482806,1.000030995154058,1.0,1.000030995154058,1.0001746656403896,1.0009408546988408,1.0,1.15,1.15,1.15,1.0000255587406677,1.0,1.15,1.15,1.0,1.15,1.0,1.076798902283785,1.0,1.0004873463703423,1.0001812193094732,1.0002607361138078,1.0003083334423786,1.0000549981959992,1.0002431216958834,1.0001077652676345
