Period,10NB,10SB,1NB,1SB,2NB,2SB,3NB,3SB,4NB,4SB,5NB,5SB,6NB,6SB,7NB,7SB,8NB,8SB,9NB,9SB
AM-Early,0.95,0.95,0.95,0.95,0.95,0.95,1.0,0.95,0.95,1.0,0.95,1.0,0.95,1.0,1.0,1.0,0.9831805609604249,0.95,0.9796909436456003,0.9999015766402007
AM-Peak,1.0054639522602427,1.0047932243896278,1.05,0.95,1.05,0.95,1.05,1.05,1.0005628577522334,1.0008303433527732,0.9980423862971483,1.0027277677450375,0.9971696358298758,1.0025960230239437,1.05,1.0005281844478404,1.05,1.003980642461659,1.0019483208675077,1.0012041380957641
AM-Shoulder,0.9993718877786755,1.0002674292907063,1.05,0.9998495956588671,1.05,0.95,1.05,1.013225384281717,0.9999234749039876,1.000461066248506,0.9998921837337538,1.0003268736499187,1.0001399237654334,1.0001909386035426,0.9998366897092936,0.9997098912359281,0.9999564990678337,0.999236561936512,0.9993202626674471,0.999220538049003
MD,0.95,0.95,1.0,1.0,1.0,0.95,1.0,1.0,0.95,1.0,0.9804325749313798,1.0,0.9634902930259682,0.95,0.9665181348118129,0.95,0.9998326411371018,0.9526245640622578,1.0,0.95
Night,1.0,1.0,0.95,0.95,1.0,1.0,1.0,0.95,0.95,1.0,1.0,1.0,1.0,1.0,1.0,1.0,1.0,1.0,1.0,1.0
PM-Late,1.0,1.0,1.0,1.0,0.95,0.95,0.95,0.95,0.95,1.0,1.0,1.0,1.0,1.0,1.0,1.0,1.0,1.0,1.0,1.0
PM-Peak,1.005748105599948,1.0083726467817171,1.05,1.05,1.05,1.0010309901477485,1.05,1.05,1.05,1.05,1.015236806117771,1.0490200559078042,1.0144083339541017,0.9989260515128904,1.023656066504889,0.9999430450083793,1.0380745064894794,1.0098958770409716,1.0485036923742626,1.0007239969442743
PM-Shoulder,1.0000546951340663,0.9993732360909536,1.05,1.05,1.0000255587406677,0.9999848585843322,1.05,1.05,0.9996477891919571,1.05,0.9994841635036906,1.05,0.9994835856705465,1.0004873463703423,1.0001812193094732,1.0002607361138078,1.0003083334423786,1.0000549981959992,1.0002431216958834,1.0001077652676345
