Period,10NB,10SB,1NB,1SB,2NB,2SB,3NB,3SB,4NB,4SB,5NB,5SB,6NB,6SB,7NB,7SB,8NB,8SB,9NB,9SB
AM-Early,1.0,1.0,1.0,1.0,1.0,1.0,1.0,1.0,1.0,1.0,1.0,1.0,1.0,1.0,1.0,1.0,1.0,1.0,1.0,1.0
AM-Peak,1.0,1.0156226368976604,1.1,1.0,1.0,1.1,1.1,1.1,1.0,1.1,1.1,1.0,1.1,1.1,1.1,1.0,1.1,1.0,1.1,1.1
AM-Shoulder,1.0,1.0,1.1,1.0459416666011263,1.0,1.1,1.1,1.1,1.0,1.0532029276500374,1.0,1.0,1.0,1.050998244696544,1.0310705104961746,1.0,1.0854378140784444,1.0,1.0,1.0241156581892126
MD,1.0,1.0,1.0,1.0,1.0,1.0,1.0,1.0,1.0,1.0,1.0,1.0,1.0,1.0,1.0,1.0,1.0,1.0,1.0,1.0
Night,1.0,1.0,1.0,1.0,1.0,1.0,1.0,1.0,1.0,1.0,1.0,1.0,1.0,1.0,1.0,1.0,1.0,1.0,1.0,1.0
PM-Late,1.0,1.0,1.0,1.0,1.0,1.0,1.0,1.0,1.0,1.0,1.0,1.0,1.0,1.0,1.0,1.0,1.0,1.0,1.0,1.0
PM-Peak,1.0,1.0,1.1,1.1,1.1,1.1,1.1,1.1,1.1,1.1,1.0,1.1,1.0,1.1,1.0,1.1,1.0,1.1,1.0572104040238834,1.0057767128683879
PM-Shoulder,1.0,1.0,1.1,1.1,1.1,1.0664789211031478,1.1,1.1,1.1,1.1,1.0,1.1,1.0,1.0715605328004538,1.0,1.0,1.0,1.0,1.1,1.0
