,,,GPVeh,GPVeh,GPVeh,GPVeh,GPVeh,GPVeh,GPVeh,GPVeh,MLVeh,MLVeh,MLVeh,MLVeh,MLVeh,MLVeh,MLVeh,MLVeh,RevenuePerHour,RevenuePerHour,RevenuePerHour,RevenuePerHour,RevenuePerHour,RevenuePerHour,RevenuePerHour,RevenuePerHour,TollLights,TollLights,TollLights,TollLights,TollLights,TollLights,TollLights,TollLights,CaptureRateLights,CaptureRateLights,CaptureRateLights,CaptureRateLights,CaptureRateLights,CaptureRateLights,CaptureRateLights,CaptureRateLights
Period,,,Night,AM-Early,AM-Peak,AM-Shoulder,MD,PM-Shoulder,PM-Peak,PM-Late,Night,AM-Early,AM-Peak,AM-Shoulder,MD,PM-Shoulder,PM-Peak,PM-Late,Night,AM-Early,AM-Peak,AM-Shoulder,MD,PM-Shoulder,PM-Peak,PM-Late,Night,AM-Early,AM-Peak,AM-Shoulder,MD,PM-Shoulder,PM-Peak,PM-Late,Night,AM-Early,AM-Peak,AM-Shoulder,MD,PM-Shoulder,PM-Peak,PM-Late
Year,Direction,Segment,,,,,,,,,,,,,,,,,,,,,,,,,,,,,,,,,,,,,,,,
2050,NB,4,1618.6137931034482,8670.725645823764,11036.822504349915,8531.635080231603,8042.3683324044905,8401.665925686513,9046.380313386084,4430.627586206897,687.7862068965519,3221.674354176236,4442.382495650087,3504.7649197684,3274.5316675955096,3486.434074313487,3052.8746866139168,1968.6724137931033,4144.041931034483,29431.868712895906,40257.35088652752,34044.433077059206,33715.61418088071,33737.90152147718,29033.79846523628,9614.688827586207,2.55,5.1,5.15,5.15,5.15,5.15,5.15,2.55,0.3879310344827586,0.3431041587304135,0.3628854844891711,0.3704937683050963,0.36713164799032366,0.370348412362992,0.31587052120322034,0.3879310344827586
2050,SB,4,1939.934482758621,3843.8482758620685,7285.976340213113,7060.333340474137,7708.927940927535,7799.22664297453,7205.408644626936,7413.816815074873,841.0655172413792,1700.7517241379312,1259.7636597868868,1877.2666595258625,2849.9720590724646,2381.673357025471,1049.4813553730644,1246.6831849251269,4704.085241379311,9277.497931034484,13371.749577031205,18255.8759175552,28503.88504034291,22031.055509482507,10139.562886793483,11746.098835269542,2.55,2.55,5.15,4.75,5.0,5.0,5.15,5.05,0.3879310344827586,0.3879310344827586,0.18086490820298914,0.2653847389347807,0.3445916630164822,0.2993032698341716,0.15964645389013518,0.18018672224922744
