,,,GPVeh,GPVeh,GPVeh,GPVeh,GPVeh,GPVeh,GPVeh,GPVeh,MLVeh,MLVeh,MLVeh,MLVeh,MLVeh,MLVeh,MLVeh,MLVeh,RevenuePerHour,RevenuePerHour,RevenuePerHour,RevenuePerHour,RevenuePerHour,RevenuePerHour,RevenuePerHour,RevenuePerHour,TollLights,TollLights,TollLights,TollLights,TollLights,TollLights,TollLights,TollLights,CaptureRateLights,CaptureRateLights,CaptureRateLights,CaptureRateLights,CaptureRateLights,CaptureRateLights,CaptureRateLights,CaptureRateLights
Period,,,Night,AM-Early,AM-Peak,AM-Shoulder,MD,PM-Shoulder,PM-Peak,PM-Late,Night,AM-Early,AM-Peak,AM-Shoulder,MD,PM-Shoulder,PM-Peak,PM-Late,Night,AM-Early,AM-Peak,AM-Shoulder,MD,PM-Shoulder,PM-Peak,PM-Late,Night,AM-Early,AM-Peak,AM-Shoulder,MD,PM-Shoulder,PM-Peak,PM-Late,Night,AM-Early,AM-Peak,AM-Shoulder,MD,PM-Shoulder,PM-Peak,PM-Late
Year,Direction,Segment,,,,,,,,,,,,,,,,,,,,,,,,,,,,,,,,,,,,,,,,
2032,NB,4,1279.9537612745305,6295.098009406947,7400.944823336112,6120.5298179960455,5873.3899949648685,6101.711697223111,6141.170905124723,2949.1576270070254,138.14623872546937,1017.2019905930521,2116.6751766638868,1280.2701820039558,1085.1100050351315,1207.9883027768892,1298.4990948752777,985.642372992975,587.5357714566967,3425.4734777321764,6709.275444681791,4147.781985499165,4041.2559048923576,3936.267128908381,3835.3393407866242,3398.0107286341545,1.8,1.8,1.8,1.7,1.8,1.7,1.6,1.8,0.12673036710840613,0.1715243403836956,0.2810820848559318,0.21862875711821989,0.1929319821205346,0.20599353818207797,0.21854610124527032,0.31587052120322034
2032,SB,4,1540.9633421656877,2557.7888853341105,4584.8209202186845,4791.1040519674625,5538.49692649264,5415.956464784284,4440.969615252597,4648.347612614006,168.9366578343122,851.5111146658897,669.6940797813162,704.3959480325376,953.803073507361,844.0435352157165,634.6253847474032,676.7523873859942,666.9270086626464,3278.802708353618,2415.9198134103026,2406.98934680353,3536.3872996283967,2619.5361389334616,1854.4529070489516,1752.989541950726,1.8,1.8,1.8,1.65,1.75,1.65,1.55,1.4,0.1267303740123919,0.31587052120322034,0.15961874331241044,0.16055976511141182,0.17962934419323523,0.17070046515807114,0.15651082164908103,0.15991865402563651
