,,,GPVeh,GPVeh,GPVeh,GPVeh,GPVeh,GPVeh,GPVeh,GPVeh,MLVeh,MLVeh,MLVeh,MLVeh,MLVeh,MLVeh,MLVeh,MLVeh,RevenuePerHour,RevenuePerHour,RevenuePerHour,RevenuePerHour,RevenuePerHour,RevenuePerHour,RevenuePerHour,RevenuePerHour,TollLights,TollLights,TollLights,TollLights,TollLights,TollLights,TollLights,TollLights,CaptureRateLights,CaptureRateLights,CaptureRateLights,CaptureRateLights,CaptureRateLights,CaptureRateLights,CaptureRateLights,CaptureRateLights
Period,,,Night,AM-Early,AM-Peak,AM-Shoulder,MD,PM-Shoulder,PM-Peak,PM-Late,Night,AM-Early,AM-Peak,AM-Shoulder,MD,PM-Shoulder,PM-Peak,PM-Late,Night,AM-Early,AM-Peak,AM-Shoulder,MD,PM-Shoulder,PM-Peak,PM-Late,Night,AM-Early,AM-Peak,AM-Shoulder,MD,PM-Shoulder,PM-Peak,PM-Late,Night,AM-Early,AM-Peak,AM-Shoulder,MD,PM-Shoulder,PM-Peak,PM-Late
Year,Direction,Segment,,,,,,,,,,,,,,,,,,,,,,,,,,,,,,,,,,,,,,,,
2032,NB,4,995.2241379310344,5051.9655172413795,8005.067474697779,5107.289655172414,4805.513793103448,5044.462068965518,5134.261034482758,2724.3,422.8758620689656,2260.3344827586207,1512.5525253022204,2293.5103448275863,2152.9862068965517,2265.2379310344827,2305.4089655172415,1210.5,1798.490482758621,7399.623724137933,9636.219830052816,7981.214896551724,7220.090482758622,7333.95475862069,7450.406068965519,4173.209379310345,1.8,1.8,3.6,1.8,1.65,1.7,1.75,1.8,0.3879310344827586,0.3879310344827586,0.20028191603620396,0.3879310344827586,0.3879310344827586,0.3879310344827586,0.3879310344827586,0.3879310344827586
2032,SB,4,1192.7724137931034,2363.5310344827585,3630.6791379310353,3796.1448275862076,4483.593103448276,4320.5310344827585,3502.984655172414,3682.320689655172,517.1275862068966,1045.7689655172414,1623.835862068966,1699.355172413793,2008.706896551724,1939.4689655172417,1572.6103448275862,1642.7793103448275,2041.5128275862069,4026.8060689655176,5190.268468965518,5619.773793103451,6795.769655172414,5008.816551724139,3408.167917241379,2129.9387586206894,1.8,1.8,1.6,1.6,1.65,1.35,1.15,0.7,0.3879310344827586,0.3879310344827586,0.3879310344827586,0.3879310344827586,0.3879310344827586,0.3879310344827586,0.3879310344827586,0.3879310344827586
